user_id,name,email,monthly_income,credit_score,employment_status,age
a647009d-34cd-4ca6-b42c-aa080a933609,Isha Gupta,isha.gupta@example.com,119000,770,Salaried,38
dc0cd0ec-4eeb-406f-8a78-6a321a7fbda9,Aaradhya Sharma,aaradhya.sharma@example.com,79000,770,Salaried,44
f54d1d3f-6bc0-4ef9-995b-79219eeb3ced,Ananya Thakur,ananya.thakur@example.com,74000,760,Salaried,41
096c8602-0417-41e3-a33e-db86c69230da,Aaradhya Soni,aaradhya.soni@example.com,103000,770,Salaried,34
da67c7eb-3ad2-44eb-8841-74a3c348e03a,Rani Iyengar,rani.iyengar@example.com,101000,790,Salaried,38
7a0ca0ad-b065-4513-bd6e-40f6ac18c3fb,Gaurav Kumar,gaurav.kumar@example.com,110000,775,Salaried,36
e0e201f5-fcbc-4bff-8b07-9ef06b554fdb,Dev Malhotra,dev.malhotra@example.com,110000,785,Salaried,26
58e16d73-eded-4984-b4c9-77a136986706,Vivaan Pandey,vivaan.pandey@example.com,96000,745,Self-Employed,47
441c16ae-b7a1-4990-b7a2-0f007f37ee08,Lakshmi Khanna,lakshmi.khanna@example.com,91000,740,Self-Employed,44
7a3d2535-45db-4eee-bbcc-0c0b8de778c4,Raj Malhotra,raj.malhotra@example.com,135000,745,Self-Employed,27
4f1a634c-4c90-4abd-9e0b-f5599eee68c3,Ankit Trivedi,ankit.trivedi@example.com,143000,790,Self-Employed,38
2e29429d-17ba-4170-a9bc-ada98b018c58,Ananya Pandey,ananya.pandey@example.com,62000,705,Self-Employed,36
b0c5eb7b-3826-4f6c-ae09-8c8523bdf0a7,Shaurya Iyer,shaurya.iyer@example.com,31000,705,Self-Employed,43
363f26a0-3c05-49f1-a293-fc17bffca6e9,Ishaan Trivedi,ishaan.trivedi@example.com,35000,800,Salaried,34
da445e46-d7ac-4ace-be2a-613314159f7e,Isha Chauhan,isha.chauhan@example.com,96000,755,Business,31
48f2d242-2c3e-4929-a8df-6c9a484ae5b0,Tara Kapoor,tara.kapoor@example.com,33000,720,Salaried,41
c4c1aa4e-576a-49cd-acc4-6c1f0d35f570,Kabir Desai,kabir.desai@example.com,56000,650,Business,36
6514e857-95b5-412a-8177-f6e4d60aeaca,Advik Agarwal,advik.agarwal@example.com,90000,655,Salaried,28
91a089f0-7d76-4638-bf14-f874d81fae90,Aanya Joshi,aanya.joshi@example.com,105000,690,Self-Employed,46
8e9087b4-159a-4efa-9957-e53afabe94f0,Diya Dave,diya.dave@example.com,112000,670,Self-Employed,41
f75359fb-5247-4ad8-a6d7-e097d4e64b9e,Vivaan Sharma,vivaan.sharma@example.com,40000,670,Salaried,46
b35de23e-755f-4c6a-81d8-f7dd99ce53ef,Dhruv Iyengar,dhruv.iyengar@example.com,131000,490,Self-Employed,37
77fce4da-b901-4b27-b1bb-01989567b98b,Tara Khan,tara.khan@example.com,8500,765,Self-Employed,36
b3064a95-4821-4331-b429-287ff4b74373,Dhruv Roy,dhruv.roy@example.com,58000,770,Unemployed,32
d3b425f2-5dc9-48c3-8e12-c953a61cf1e0,Aditya Soni,aditya.soni@example.com,0,580,Student,20
932a3739-34d6-4768-b181-201d991d1860,Zoya Chopra,zoya.chopra@example.com,54000,760,Salaried,73
50be75c1-1210-4f4f-9922-0cf23567cff6,Aanya Reddy,aanya.reddy@example.com,12000,520,Salaried,49
e0faf2a8-de78-4bb1-9548-e9363a14f27f,Sana Thakur,sana.thakur@example.com,104000,460,Salaried,25
83792ff3-88c1-48d5-9557-fc8faffe0e53,Anika Iyer,anika.iyer@example.com,14000,620,Salaried,50
invalid_row_underage,Imran Patel,imran.patel@example.com,104000,775,Business,16
